@id,amenity,building,name,phone,website,wheelchair,building:levels,email,opening_hours:signed,roof:shape,smoking,toilets:wheelchair,wheelchair:description,addr:city,addr:country,addr:housenumber,addr:postcode,addr:street,addr:suburb,contact:facebook,contact:instagram,contact:phone,contact:twitter,contact:website,opening_hours,roof:colour,roof:levels,alt_name,building:colour,building:material,check_date,check_date:opening_hours,image,start_date,year_of_construction,contact:mobile,operator,previously,contact:email,contact:fax,drink:club-mate,leisure,live_music,operator:type,owner,wikidata,wikimedia_commons,layer,source,seamark:hulk:category,seamark:type,addr:housename,addr:place,building:part,contact:ra,culture,name:etymology:wikidata,name:etymology:wikipedia,open_air,wikipedia,addr:floor,bar,level,payment:cash,payment:credit_cards,payment:debit_cards,payment:mastercard,payment:visa,ref:vatin,toilets,nohousenumber,club,brewery,official_name,source_ref:url,old_contact:facebook,old_contact:ra,old_name:2015--2024-01-22,old_operator,old_wikidata,wifi,longitude,latitude,check_date:smoking,old_name,check_date:currency:XBT,currency:XBT,loc_name,name:en,opening_hours:description,outdoor_seating,payment:lightning,payment:lightning_contactless,payment:onchain,note,kinky,access,entrance,brothel:swingerclub,description,fax,min_age,mobile,facebook,instagram,lgbtq,short_name,internet_access,url,music_genre,name:ja,payment:free,cruising,lgbtq:cruising,lgbtq:men,opening_hours:office,unused:amenity,contact:whatsapp,alt_name_1,mapillary,air_conditioning,contact:qype,contact:yelp,identity,provides,fixme,name:es,delivery,takeaway,payment:cards,karaoke,disused:amenity,disused:name,charge:conditional,fee,nudism
way/23278633,nightclub,yes,Roadrunners Rock & Motor Club,+49 30 78082991,http://www.roadrunners-paradise.de,limited,,,,,,,,,,,,,,,,,,,,,,,,,,,,,,,,,,,,,,,,,,,,,,,,,,,,,,,,,,,,,,,,,,,,,,,,,,,,,,,,,,,,,,,,,,,,,,,,,,,,,,,,,,,,,,,,,,,,,,,,,,,,,,,,,,
way/24248500,nightclub,residential,Werk9,+49 30 20165823,https://www.werk9.de/,limited,1,info@werk9.de,no,flat,no,yes,"Haben für den Eingang eine Rampe, die muss bei Bedarf hingelegt werden. Eine behindertengerechte Toilette ist vorhanden.",,,,,,,,,,,,,,,,,,,,,,,,,,,,,,,,,,,,,,,,,,,,,,,,,,,,,,,,,,,,,,,,,,,,,,,,,,,,,,,,,,,,,,,,,,,,,,,,,,,,,,,,,,,,,,,,,,,,,,,,,,,
way/24283864,nightclub,commercial,Pride Warehouse,,,limited,1,,,,,,,Berlin,DE,26,10247,Colbestraße,Friedrichshain,,,,,,,,,,,,,,,,,,,,,,,,,,,,,,,,,,,,,,,,,,,,,,,,,,,,,,,,,,,,,,,,,,,,,,,,,,,,,,,,,,,,,,,,,,,,,,,,,,,,,,,,,,,,,,,,,,,,,
way/36908987,nightclub,industrial,Gretchen,,,yes,1,gretchen@gretchen-club.de,,gabled,isolated,,,Berlin,DE,19-21,10963,Obentrautstraße,,https://www.facebook.com/gretchen.club/,https://www.instagram.com/clubgretchen/,+49 30 25922702,https://twitter.com/clubGRETCHEN/,https://www.gretchen-club.de/,"""Je nach Veranstaltung""",#74817e,0,,,,,,,,,,,,,,,,,,,,,,,,,,,,,,,,,,,,,,,,,,,,,,,,,,,,,,,,,,,,,,,,,,,,,,,,,,,,,,,,,,,,,,,,,,,,,,,,,,,,,,,,,,,,,
way/41474936,nightclub,school,Duncker,,,yes,1,,no,hipped,,no,,Berlin,DE,64,10439,Dunckerstraße,Prenzlauer Berg,https://www.facebook.com/dunckerclub,https://www.instagram.com/dunckerclub/,+49 30 4459509,,https://www.dunckerclub.de/,Mo 22:00-04:00; Fr-Sa 22:00-05:00; Su 12:00-19:00,#3b3d46,1,Dunckerclub,#b47876,brick,2025-01-26,2025-01-26,https://www.dunckerclub.de/bilder/duncker_aussen.jpg,1989,1913..1914,,,,,,,,,,,,,,,,,,,,,,,,,,,,,,,,,,,,,,,,,,,,,,,,,,,,,,,,,,,,,,,,,,,,,,,,,,,,,,,,,,,,,,,,,,,,,,,,,,,,,
way/42163697,nightclub,yes,yaam,,,limited,,,,,,,,Berlin,DE,3,10243,An der Schillingbrücke,Friedrichshain,https://www.facebook.com/YAAM.Berlin,https://www.instagram.com/yaam_berlin/,,,https://www.yaam.de/,Mo-Su 11:00-24:00,,,,,,,,,,,+49 176 10051189,KULT. Verein für Jugendkultur e.V.,,,,,,,,,,,,,,,,,,,,,,,,,,,,,,,,,,,,,,,,,,,,,,,,,,,,,,,,,,,,,,,,,,,,,,,,,,,,,,,,,,,,,,,,,,,,,,,,,,,
way/45001954,nightclub,commercial,Lokschuppen,,https://www.lokschuppen-berlin.com/,limited,1,contact@lokschuppen-berlin.com,,,yes,,,,,99,10245,Revaler Straße,,,lokschuppenberlin,,,,,,,,,,,,,,,,,Suicide Circus,,,,,,,,,,,,,,,,,,,,,,,,,,,,,,,,,,,,,,,,,,,,,,,,,,,,,,,,,,,,,,,,,,,,,,,,,,,,,,,,,,,,,,,,,,,,,,,,,,
way/45001955,nightclub,commercial,Astra Kulturhaus,,,yes,1,,,,isolated,yes,Tribüne rollstuhlgerecht bei Konzerten,Berlin,DE,99,10245,Revaler Straße,Friedrichshain,http://www.facebook.com/astraberlin,astraberlin,+49 30 20056767,,https://www.astra-berlin.de/,"""irregular events""",,,,,,,,,,,,Kreuzberg Musik Produktion GmbH,,info@astra-berlin.de,+49 30 69566842,yes,music_venue,yes,business,Kreuzberg Musik Produktion GmbH,Q105762275,Category:Astra Kulturhaus,,,,,,,,,,,,,,,,,,,,,,,,,,,,,,,,,,,,,,,,,,,,,,,,,,,,,,,,,,,,,,,,,,,,,,,,,,,,,,,,,,,,,,,,,
way/72984386,nightclub,viaduct,Golden Gate,,https://www.goldengate-berlin.de/,limited,,,no,flat,yes,no,,,,,,,,,,,,,,#414141,,,,,,2025-10-08,,,,,,,,,,,,,,Q21036515,,2,,,,,,,,,,,,,,,,,,,,,,,,,,,,,,,,,,,,,,,,,,,,,,,,,,,,,,,,,,,,,,,,,,,,,,,,,,,,,,,,,,,,,,,,
way/108243893,nightclub,commercial,OC23,+49 30 92092120,https://kinderring-berlin.de/oc23/,,,,,,,,,Berlin,DE,23,13086,Langhansstraße,Weißensee,,,,,,Mo-Th 13:00-20:00; Su 12:00-18:00,,,,,,,,,,,,,,,,,,,,,,,,Geoportal Berlin / Hauskoordinaten,,,,,,,,,,,,,,,,,,,,,,,,,,,,,,,,,,,,,,,,,,,,,,,,,,,,,,,,,,,,,,,,,,,,,,,,,,,,,,,,,,,,,,,
way/118327391,nightclub,boat,MS Hoppetosse,,,no,2,,,,,,,,,,,,,,,,,,,,,,,,,,,,,,,,,,,,,,,,,1,,casino_boat,hulk,,,,,,,,,,,,,,,,,,,,,,,,,,,,,,,,,,,,,,,,,,,,,,,,,,,,,,,,,,,,,,,,,,,,,,,,,,,,,,,,,,,,,
way/119172796,nightclub,,Panke,,https://www.pankeculture.com/,,,,,,,no,,Berlin,DE,23,13347,Gerichtstraße,Gesundbrunnen,,,,,,,,,,,,,,,,,,,,,,,,,,,,,,,,,,,,,,,,,,,,,,,,,,,,,,,,,,,,,,,,,,,,,,,,,,,,,,,,,,,,,,,,,,,,,,,,,,,,,,,,,,,,,,,,,,,,,
way/123019464,nightclub,yes,Badehaus,,,limited,,,,,,yes,enge Toilette,Berlin,DE,99,10245,Revaler Straße,Friedrichshain,https://www.facebook.com/Badehaus.Berlin,https://www.instagram.com/badehaus_berlin/,+49 30 25933042,,http://www.badehaus-berlin.com/,,,,,,,,,,,,,Badehaus Musik GmbH,,info@badehaus-berlin.com,,,,,,,,,,,,,,,,,,,,,,,,,,,,,,,,,,,,,,,,,,,,,,,,,,,,,,,,,,,,,,,,,,,,,,,,,,,,,,,,,,,,,,,,,,,,,,,,,
way/123750257,nightclub,residential,Prägewerk,,,,3,,,,yes,,,,,,,,,,,,,,,,,,,,,,,,,,,,,,,,,,,,,,,,,,,,,,,,,,,,,,,,,,,,,,,,,,,,,,,,,,,,,,,,,,,,,,,,,,,,,,,,,,,,,,,,,,,,,,,,,,,,,,,,,,,,,
way/136852555,nightclub,,LARK,,https://larkberlin.com/,yes,1,club@larkberlin.com,,,,no,,Berlin,DE,15—18,10179,Holzmarktstraße,Mitte,lark.berlin,lark.berlin,,,,,,,,,,,,,,,,,,,,,,,,,,,1,,,,Bogen 47,Stadtbahnbogen,yes,,,,,,,,,,,,,,,,,,,,,,,,,,,,,,,,,,,,,,,,,,,,,,,,,,,,,,,,,,,,,,,,,,,,,,,,,,,,,,,,,,
way/136852556,nightclub,,Hangar 49,,https://hangar49.de/,yes,1,,,,,,,Berlin,DE,49,10179,,Mitte,,,,,,,,,,,,,,,,,,,,,,,,,,,,,1,,,,Bogen 49,Stadtbahnbogen,yes,,,,,,,,,,,,,,,,,,,,,,,,,,,,,,,,,,,,,,,,,,,,,,,,,,,,,,,,,,,,,,,,,,,,,,,,,,,,,,,,,,
way/148829988,nightclub,,Sisyphos,,,yes,,,,,yes,yes,,Berlin,DE,15,10317,Hauptstraße,Rummelsburg,https://www.facebook.com/sisyface,https://www.instagram.com/sisyphosberlin,,,http://www.sisyphos-berlin.net,"Mar-Dec: Sa,Su,PH 00:00-24:00",,,,,,,,,2009,,,Sisyphos Event GmbH,,,,,,,,,Q21036516,,,,,,,,,https://ra.co/clubs/17118,open_air,Q102561,de:Sisyphos,yes,de:Sisyphos (Berlin),,,,,,,,,,,,,,,,,,,,,,,,,,,,,,,,,,,,,,,,,,,,,,,,,,,,,,,,,,,,,,,,,,,,,,,,,,,,
way/167777311,nightclub,yes,"Jugendschiff ""ReMiLi""",,https://remili.de/,no,,,,,,,,,,,,,,,,,,,Mo-Fr 14:00-20:00,,,,,,,,,,,,,,,,,cultural_institution,,,,Q112861701,"Category:Remili (ship, 1906)",,,,,,,,,,,,,,,,,,,,,,,,,,,,,,,,,,,,,,,,,,,,,,,,,,,,,,,,,,,,,,,,,,,,,,,,,,,,,,,,,,,,,,,,,
way/172900722,nightclub,yes,Fiese Remise,,,,,,,,,,,,,,,,,,,,,,,,,,,,,,,,,,,,,,,,,,,,,,,,,,,,,,,,,,,,,,,,,,,,,,,,,,,,,,,,,,,,,,,,,,,,,,,,,,,,,,,,,,,,,,,,,,,,,,,,,,,,,,,,,,,,,
way/277805717,nightclub,,Festsaal Kreuzberg,+49 30 403655630,https://www.festsaal-kreuzberg.de/,yes,,,,,outside,,"Durchs Tor kann man ebenerdig, kein Rolli-WC",Berlin,,2,12435,Am Flutgraben,,https://www.facebook.com/FestsaalKreuzberg/,https://www.instagram.com/festsaalkreuzberg/,,,,,,,,,,2024-08-28,,,,,,Neue Flutgraben Betriebsgesellschaft mbH & Co KG,,,,,,,,,Q115794233,File:20230916 xl 1534-Festsaal Kreuzberg 2.jpg,,survey,,,,,,,,,,,,0,yes,0,yes,yes,yes,yes,yes,DE310804941,yes,,,,,,,,,,,,,,,,,,,,,,,,,,,,,,,,,,,,,,,,,,,,,,,,,,,,,,,,,,,,,,,,,,
way/286165789,nightclub,yes,Berghain Kantine,,https://www.berghain.berlin/de/program/kantine-am-berghain/,limited,,support@berghain.de,,,,,,Berlin,DE,,10243,Am Wriezener Bahnhof,Friedrichshain,https://www.facebook.com/KantineamBerghain/,,,,,,,,,,,2023-11-03,,,,,,Berghain OstGut GmbH,,,,,,,,,,,,,,,,,,,,,,,,,,,,,,,,,,yes,,,,,,,,,,,,,,,,,,,,,,,,,,,,,,,,,,,,,,,,,,,,,,,,,,,,,,,,,,,,,,,,,
way/291111616,nightclub,,ÆDEN,,http://aedenberlin.com,no,,,,,,,,,,3,10997,Schleusenufer,,,,,,,Tu 22:00-08:00; Th 22:00-08:00; Fr 22:00-10:00; Sa 18:00-10:00,,,,,,,,,,,,,,,,,,,,,,,,,,,,,,,,,,,,,,,,,,,,,,,,,,,,,,,,,,,,,,,,,,,,,,,,,,,,,,,,,,,,,,,,,,,,,,,,,,,,,,,,,,,,,,,
way/293386107,nightclub,yes,Kater Blau,,,yes,,,,,separated,yes,,Berlin,DE,25,10243,Holzmarktstraße,Friedrichshain,https://www.facebook.com/katerblau/events,https://www.instagram.com/katerblaugram,+49 30 47361686,,http://www.katerblau.de,,,,,,,,,,2014,,,Katerclub GmbH,,info@katerblau.de;hello@katerblau.de,,,,,,,Q2658747,,,,,,,,,https://ra.co/clubs/99161,,,,,de:Kater Blau,,,,,,,,,,,,,,,,,,,,,,,,,,,,,,,,,,,,,,,,,,,,,,,,,,,,,,,,,,,,,,,,,,,,,,,,,,,,
way/342600129,nightclub,,Maaya,,https://maaya.de/,,,,,,,,,Berlin,DE,99,10245,Revaler Straße,Friedrichshain,,https://www.instagram.com/maaya_berlin/,+49 30 297766770,,,"Tu-Th,Su 12:00-22:00; Fr,Sa 12:00-23:00; ",,,,,,,,,,,,Maaya Event GmbH,,info@maaya.de,,,music_venue,,,,,,,,,,,,,,,,,,,,,,,,,,,,,,culture,,,,,,,,,,,,,,,,,,,,,,,,,,,,,,,,,,,,,,,,,,,,,,,,,,,,,,,,,,,,,,,,
way/355476495,nightclub,,OXI Garten,,,limited,,,,,,,,Berlin,DE,1-4,10365,Wiesenweg,Lichtenberg,,,,,https://oxi-garten.de/,,,,,,,,,,,,,,,,,,,,,,,,,,,,,,,,,,,,,,,,,,,,,,,,,,,,,,,,,,,,,,,,,,,,,,,,,,,,,,,,,,,,,,,,,,,,,,,,,,,,,,,,,,,,,,,,
way/379305718,nightclub,yes,Metropol,+49 30 403678560,https://metropol-berlin.de,yes,5,info@metropol-berlin.de,,,separated,yes,,Berlin,,5,10777,Nollendorfplatz,,,,,,,"""zu Veranstaltungen""",,,,,,,,,,,,,,,,,,,,,Q1724204,,,,,,,,,,,,,,de:Metropol (Berlin),,,,,,,,,,,,,Krombacher;Starnberger,Metropol Berlin,https://metropol-berlin.de/contact,,,,,,,,,,,,,,,,,,,,,,,,,,,,,,,,,,,,,,,,,,,,,,,,,,,,,,,,,,,,,
way/684464913,nightclub,commercial,Cassiopeia,,,limited,1,,,,,yes,,Berlin,DE,99,10245,Revaler Straße,Friedrichshain,,cassiopeia_berlin,,,https://cassiopeia-berlin.de/,,,,,,,,,,,,,,,,,,,yes,,,Q47163174,Category:Cassiopeia (Berlin),,,,,,,,,,,,,,,,,,,,,,,,,,,,,,,,,,,,,,,,,,,,,,,,,,,,,,,,,,,,,,,,,,,,,,,,,,,,,,,,,,,,,,,,,
way/1081145396,nightclub,,Abstrakt,,,yes,,,,,no,yes,,Berlin,DE,121,10407,Storkower Straße,Prenzlauer Berg,,https://www.instagram.com/abstrakt.berlin,+49 30 65832595,,,,,,,,,,,,,,,,,,,,,,,,,,,,,,,,,https://de.ra.co/clubs/233027,,,,,,,,,,,,,,,,,,,,,https://www.facebook.com/menschmeierberlin/events,https://ra.co/clubs/103373;https://ra.co/clubs/227831,Mensch Meier,Mensch Meier GmbH,Q105762292,no,,,,,,,,,,,,,,,,,,,,,,,,,,,,,,,,,,,,,,,,,,,,,,,,,,,,,,,
node/259845846,nightclub,,Junction-Bar,+49306946602,https://www.junction-bar.de/,no,,,,,,,,Berlin,DE,18,10961,Gneisenaustraße,Kreuzberg,,,,,,,,,,,,,,,,,,,,,,,,,,,,,,,,,,,,,,,,,,,,,,,,,,,,,,,,,,,,,,,13.3931533,52.4913696,,,,,,,,,,,,,,,,,,,,,,,,,,,,,,,,,,,,,,,,,,,,,,,,,,,,,
node/262818281,nightclub,,ASeven Club,,https://www.aseven.de,limited,,,,,no,,,Berlin,,7,10178,Alexanderstraße,,,,,,,"Fr 23:30-06:00, Sa 19:00-06:00",,,,,,2025-06-30,,,,,,,,,,,,,,,,,,,,,,,,,,,,,,,,,,,,,,,,,,,,,,,,,,,13.4164254,52.5232268,2025-06-30,,,,,,,,,,,,,,,,,,,,,,,,,,,,,,,,,,,,,,,,,,,,,,,,,,,,
node/339749949,nightclub,,Matrix,,,limited,,,,,isolated,no,,Berlin,DE,18,10245,Warschauer Platz,Friedrichshain,,,+49 30 29369990,,https://www.matrix-berlin.de/,Mo-Su 22:00-07:00,,,,,,,,,,,,,,hallo@matrix-berlin.de,,,,,,,Q552863,Category:Matrix (club),,,,,,,,,,,,,en:Matrix (club),,,0,,,,,,,,,,,,,,,,,,,13.4490212,52.5046782,,,,,,,,,,,,,,,,,,,,,,,,,,,,,,,,,,,,,,,,,,,,,,,,,,,,,
node/360111407,nightclub,,Lido,,,yes,,,no,,isolated,yes,"Stufe am Haupteingang, Rampe vorhanden. Für das rolligerechte WC bitte vor Ort nach dem Schlüssel fragen.",Berlin,DE,7,10997,Cuvrystraße,Kreuzberg,https://www.facebook.com/lidoberlin/,lidoberlin,+49 30 69566840,,https://www.lido-berlin.de/,,,,,,,,2025-01-20,,,,,,,,,yes,,yes,,,Q100256393,Category:Lido (Berlin),,,,,,,,,,,,,,,,,,,,,,,,,,,,,,,,,,,13.4450748,52.4992172,,,,,,,,,,,,,,,,,,,,,,,,,,,,,,,,,,,,,,,,,,,,,,,,,,,,,
node/373095675,nightclub,,Humboldthain Club,,https://www.humboldthain.com/,no,,,,,,,,Berlin,,46,13357,Hochstraße,,,,,,,"Tu 18:00-04:00, Th 19:00-04:00, Sa-Su 23:00-09:00",,,,,,2023-08-29,,,,,,,,,,,,,,,,,,,,,,,,,,,,,,,,,,,,,,,,,,,,,,,,,,,13.3787124,52.5441625,,,,,,,,,,,,,,,,,,,,,,,,,,,,,,,,,,,,,,,,,,,,,,,,,,,,,
node/383210462,nightclub,,Narva Lounge,,,yes,,,no,,,,,,,,,,,,,,,,,,,,,,2024-11-26,2024-11-26,,,,,,,,,,,,,,,,,,,,,,,,,,,,,,,,,,,,,,,,,,,,,,,,,,13.4489112,52.5045582,,,,,,,,,,,,,,,,,,,,,,,,,,,,,,,,,,,,,,,,,,,,,,,,,,,,,
node/410135945,nightclub,,Wild at Heart,,http://wildatheartberlin.de,no,,,,,,,,,,,10999,,,,,,,,"""When they host a concert, doors opens at 20h. Otherwise they are closed""",,,,,,2023-11-01,,,,,,,,,,,,,,,,,,,,,,,,,,,,,,,,,,,,,,,,,,,,,,,,,,,13.4310967,52.4974686,,,,,,,,,,,,,,,,,,,,,,,,,,,,,,,,,,,,,,,,,,,,,,,,,,,,,
node/429735547,nightclub,,Clärchens Ballhaus,,https://www.claerchensball.haus/,no,,info@claerchensball.haus,,,outside,no,,Berlin,DE,24,10117,Auguststraße,Mitte,https://www.facebook.com/claerchens.ballhaus/,https://www.instagram.com/claerchens_ballhaus,+49 30 2829295,,,Tu-Fr 17:00-23:00; Sa-Su 14:00-23:00,,,,,,2024-08-17,,,,,,,,,,,,,,,Q1103846,Category:Clärchens Ballhaus,,,,,,,,,,,,,de:Clärchens Ballhaus,,,,,,,,,,,,,,,,,,,,,,13.39691,52.5264743,,,,,,,,,,,,,,,,,,,,,,,,,,,,,,,,,,,,,,,,,,,,,,,,,,,,,
node/461623768,nightclub,,Sun Chiller Lounge,,,limited,,,,,,,,,,,,,,,,,,,"We-Sa 16:00-24:00+, Su 14:00-24:00+; PH 14:00-24:00+",,,,,,,,,,,,,,,,,,,,,,,,,,,,,,,,,,,,,,,,,,,,,,,,,,,,,,,,,13.441495,52.5179462,,Café Warschau,,,,,,,,,,,,,,,,,,,,,,,,,,,,,,,,,,,,,,,,,,,,,,,,,,,
node/475153994,nightclub,,Postbahnhof,,,yes,,,,,,,,Berlin,DE,8,10243,Straße der Pariser Kommune,Friedrichshain,https://www.facebook.com/PostbahnhofEvent/,,,,https://postbahnhof.com/,,,,Postbahnhof am Ostbahnhof,,,,,,,,+49 152 5374 4760,,,events@postbahnhof.com,,,,,,,Q62011644,Category:Postbahnhof (venue),,,,,,,,,,,,,,,,,,,,,,,,,,,,,,,,,,,13.4363946,52.5086309,,Fritzclub,,,,,,,,,,,,,,,,,,,,,,,,,,,,,,,,,,,,,,,,,,,,,,,,,,,
node/485354535,nightclub,,Glashaus,,,,,,,,,,,,,,,,,,,,,,,,,,,,,,,,,,,,,,,,,,,,,,,,,,,,,,,,,,,,,,,,,,,,,,,,,,,,,,,13.4530728,52.4973833,,,,,,,,,,,,,,,,,,,,,,,,,,,,,,,,,,,,,,,,,,,,,,,,,,,,,
node/485640732,nightclub,,Zur Wilden Renate,,,no,,,no,,yes,,,Berlin,DE,70,10245,Alt-Stralau,Friedrichshain,,https://www.instagram.com/wilderenate,+49 30 25041426,,https://www.renate.cc,,,,,,,,2025-10-14,,2007-09,,,Zur Wilden Renate oHG,,,+49 30 25041427,served,,,,,Q21036513,,,,,,,,,https://ra.co/clubs/8556,,,,,de:Wilde Renate,,,,,yes,yes,,,,,,,,,,,,,,,,13.4653065,52.4973901,,Salon zur Wilden Renate,2024-04-19,no,Renate,Wilde Renate,"""At night. since 23.00h till early in the morning.""",yes,no,no,no,,,,,,,,,,,,,,,,,,,,,,,,,,,,,,,,,,,,,,,,,,
node/492849637,nightclub,,RAW 99,,,limited,,,,,,,,Berlin,DE,99,10245,Revaler Straße,Friedrichshain,,,,,http://www.raw-tempel.de/,,,,,,,,,,,,,,,,,,,,,,,,,,,,,,,,,,,,,,,,,,,,,,,,,,,,,,,,,,13.454537,52.5076615,,,,,,,,,,,,,,,,,,,,,,,,,,,,,,,,,,,,,,,,,,,,,,,,,,,,,
node/621429565,nightclub,,Berndhain,,,,,,no,,,,,Berlin,DE,32,10245,Simon-Dach-Straße,Friedrichshain,,,,,,,,,,,,,2025-03-10,,,,,,,,,,,,,,,,,,,,,,,,,,,,,,,,,,,,,,,,,,,,,,,,,,13.4560428,52.5091003,,,,,,,,,,,,,,,,,,,,,,,,,,,,,,,,,,,,,,,,,,,,,,,,,,,,,
node/652884290,nightclub,,Calabash,,,,,,,,,,,Berlin,DE,21,10119,Veteranenstraße,Mitte,,,+49 30 83030144,,,,,,,,,,,,,,,,,,,,,,,,,,,,,,,,,,,,,,,,,,,,,,,,,,,,,,,,,,,,13.4007592,52.5336193,,,,,,,,,,,,,,,,,,,,,,,,,,,,,,,,,,,,,,,,,,,,,,,,,,,,,
node/667842214,nightclub,,Sage,,https://www.sage-club.de/,yes,,,,,no,yes,,Berlin,DE,76,10179,Köpenicker Straße,Mitte,https://www.facebook.com/RockatSageBerlin/,https://www.instagram.com/rockatsage/,,,,,,,,,,,,,,,,,,,,,,,,,Q2211685,,,,,,,,,,,,,,de:Sage Club,,,,,,,,,,,,,,,,,,,,,,13.4169088,52.5110197,,,,,,,,,,,,subsidiary of KitKat,,,,,,,,,,,,,,,,,,,,,,,,,,,,,,,,,,,,,,,,,
node/670069373,nightclub,,NBI Club,,,no,,,,,,,,Berlin,DE,5,10119,Zionskirchstraße,Mitte,,,+49 179 4261189,,http://www.neueberlinerinitiative.de,Mo-Su 20:00+,,,,,,2023-06-04,,,,,,,,,,,,,,,,,,,,,,,,,,,,,,,,,,,,,,,,,,,,,,,,,,,13.401179,52.53567,,,,,,,,,,,,,,,,,,,,,,,,,,,,,,,,,,,,,,,,,,,,,,,,,,,,,
node/729294555,nightclub,,Kit Kat Club,,,limited,,,,,yes,yes,,Berlin,DE,76,10179,Köpenicker Straße,Mitte,,kitkatclub.official,+49 30 7871896,,http://www.kitkatclub.org,,,,KitKat Club;KitKatClub,,,,,,,,,,,,,,,yes,,,Q322135,Category:KitKatClub,,,,,,,,,,,,,de:KitKatClub,,,,,,,,,,,,,,,,,,,,,,13.4169157,52.5112074,,,,,,,,,,,,,yes,,,,,,,,,,,,,,,,,,,,,,,,,,,,,,,,,,,,,,,,
node/736787851,nightclub,,1820,+493081453960,https://www.belushis.com/bars/berlin,no,,,,,yes,,,Berlin,DE,41,10178,Rosa-Luxemburg-Straße,Mitte,,,,,,Mo-Su 19:00-00:00,,,,,,,,,,,,,,,,,,,,,,,,,,,,,,,,,,,,,,,,,,,,,,,,,,,,,,,,,13.4107036,52.526786,,,,,,,,,,,,,,customers,yes,,,,,,,,,,,,,,,,,,,,,,,,,,,,,,,,,,,,,,
node/739305494,nightclub,,Insomnia,+49 30 51654143,https://www.insomnia-berlin.de/,,,dominique@insomnia-berlin.de,,,,,,Berlin,DE,17,12099,Alt-Tempelhof,Tempelhof,,,,,,"Tu 19:00-02:00, We 20:00-02:00, Th 14:00-24:00; Fr-Sa 22:00+, Su 19:00-02:00",,,,,,,,,,,,Insomnia GbR,,,,,,,,,Q1285955,,,,,,,,,,,,,,de:Insomnia (Club),,,,,,,,,,,,,,,,,,,,,,13.3860876,52.4655581,,,,,,,,,,,,,yes,,,events,Erotic Nightclub,+49 30 51654143,18,+49 177 2333878,,,,,,,,,,,,,,,,,,,,,,,,,,,,,,,,,
node/821646254,nightclub,,Abgedreht Klub,,,,,,no,,,,,Berlin,DE,,10243,Karl-Marx-Allee,Friedrichshain,,,,,,,,,,,,,2023-11-29,,,,,,,,,,,,,,,,,,,,,,,,,,,,,,,,,,,,,,,,,,,,,,,,,,13.452579,52.5156316,,,,,,,,,,,,,,,,,,,,,,,,,,,,,,,,,,,,,,,,,,,,,,,,,,,,,
node/898983650,nightclub,,K133 Night Lounge,,,no,,,,,,,,Berlin,DE,133/134,10711,Kurfürstendamm,Halensee,,,,,http://night-lounge.net/,,,,,,,,,,,,,,,,,,,,,,,,,,,,,,,,,,,,,,,,,,,,,,,,,,,,,,,,,,13.2932442,52.4972653,,,,,,,,,,,,,,,,,,,,,,,,,,,,,,,,,,,,,,,,,,,,,,,,,,,,,
node/910429971,nightclub,,Ballhaus Berlin,+49 30 2827575,https://www.ballhaus-berlin.de/,yes,,info@ballhaus-berlin.de,,,,,,Berlin,DE,102,10115,Chausseestraße,Mitte,,,,,,"Mo-Sa 15:00-04:00, Su 15:00-01:00",,,,,,,,https://media04.berliner-woche.de/event/2016/05/18/6/16526_XXL.png,1905,,,Ballhaus Berlin GmbH,,,,,,,,,,File:Ballhaus Berlin Chausseestraße.jpg,,,,,,,,,,,,,,,,,,,,,,,,,,,,,,,,,,,13.380294,52.5320796,,,,,,,,,,,,,,,,,,,,,https://www.facebook.com/ballhaus.berlin,https://www.instagram.com/ballhausberlin/,,,,,,,,,,,,,,,,,,,,,,,,,,,,,,,
node/918183904,nightclub,,Club R8,,http://www.clubr8.com/,limited,,,,,no,,,Berlin,DE,8,10117,Rosmarinstraße,Mitte,,,+49 30 544 69663,,,,,,,,,,,,,,,,,,,,,,,,,,,,,,,,,,,,,,,,,,,,,,,,,,,,,,,,,,,,13.3899473,52.5161783,,,,,,,,,,,,,,,,,,,,,,,,,,,,,,,,,,,,,,,,,,,,,,,,,,,,,
node/959344243,nightclub,,SchwuZ,,,yes,,,,,isolated,yes,,Berlin,DE,26,12053,Rollbergstraße,Neukölln,,,+49 30 5770 227-0,,http://www.schwuz.de,,,,,,,2025-07-03,,https://www.schwuz.de/wp-content/uploads/2022/03/2013-gruendung-schwuz-verwaltungs-gmbh-berlin.jpg,,,,SchwuZ Kulturveranstaltungs GmbH,,pr@schwuz.de,+49 30 5770 227-10,,,,,,Q834245,Category:SchwuZ,,,,,,,,,,,,,de:SchwuZ,,,,yes,yes,yes,yes,yes,,,,,,,,,,,,,,13.4337837,52.4794629,,,,,,,,,,,,,,,,,,,,,,,primary,,,,,,,,,,,,,,,,,,,,,,,,,,,,,,
node/959625062,nightclub,,Havanna,,,yes,,,,,,,,Berlin,,30,10827,Hauptstraße,,,,+49 30 78899655,,https://www.havanna-berlin.de/,We 20:00+; Fr-Sa 22:00+,,,Havanna Club,,,,,,1997,,,,,,,,,,,,,,,,,,,,,,,,,,,,,,,,,,,,,,,,,,,,,,,,13.3534485,52.4852704,,,,,,,,,,,,,,,,,,,,,,,,,,,,,,,,,,,,,,,,,,,,,,,,,,,,,
node/975700421,nightclub,,Huxleys Neue Welt,,,yes,,,,,,yes,,Berlin,DE,107-113,10967,Hasenheide,Neukölln,,,+49 30 78099810,,https://huxleysneuewelt.com/,"""Je nach Veranstaltung""",,,,,,,,,,,,,,,,,,,,,,,,,,,,,,,,,,,,,,,,,,,,,,,,,,,,,,,,,13.4217418,52.4864896,,,,,,,,,,,,,,,,,,,,,,,,,,,,,,,,,,,,,,,,,,,,,,,,,,,,,
node/979969868,nightclub,,Ritter Butzke,,,yes,,,,,no,yes,"WC war gerade kaputt, ansonsten im EG alles ok erreichbar",Berlin,DE,26,10969,Ritterstraße,Kreuzberg,https://facebook.com/ritterbutzkeberlin/events,https://www.instagram.com/ritterbutzke.berlin,,,https://club.ritterbutzke.com,"""siehe Website""",,,,,,2025-08-26,2025-08-21,https://www.theclubmap.com/wp-content/uploads/2021/09/ritter-butzke-club-berlin-7.jpg,2009-10,,,Ritter Butzke Production GmbH,,info@ritter-butzke.de,+49 30 213007811,,,,,,Q21036533,,,,,,,,,https://ra.co/clubs/6950,,,,,de:Ritter Butzke,,,,yes,yes,yes,,,,,,,,,,,,,,,,13.4081361,52.5030121,2025-07-01,,,,,,,,,,,,,,,,,,,,,,,Butzke,,,,,,,,,,,,,,,,,,,,,,,,,,,,,
node/988192687,nightclub,,Silverwings,,https://silverwings.de/,no,,,,,,,Befindet sich im 1. Stock. Achtung: Ignoriert das Nichtraucherschutzgesetz.,,,,,,,,,,,,,,,,,,,,,,,,,,,,,,,,,,,,,,,,,,,,,,,,,,,,,,,,,,,,,,,,,,,,,13.390553,52.4835867,,,,,,,,,,,,,,,,,,,,,,,,,,,,,,,,,,,,,,,,,,,,,,,,,,,,,
node/1144034120,nightclub,,AM to PM,,,no,,Cloudamtopm@gmail.com,,,no,no,,Berlin,DE,2,10178,Am Zwirngraben,Mitte,amtopmberlin,,+49 30 24085301,,,zurzeit geschlossen,,,,,,2025-06-30,,,,,,,,,,,,,,,,,,,,,,,,,,,,,,,,,,,,,,,,,,,,,,,,,,,13.4034635,52.5229379,2025-06-30,,,,,,,,,,,,,,,,,,,,,,,,wlan,https://am-to-pm.metro.bar/,,,,,,,,,,,,,,,,,,,,,,,,,,,
node/1145853246,nightclub,,Hafenbar,,https://www.hafenbar-berlin.de/,no,,,,,,,,Berlin,DE,11,10178,Karl-Liebknecht-Straße,Mitte,,,+49302828593,,,Fr-Sa 21:00-05:00,,,,,,,,,,,,,,,,,,,,,,,,,,,,,,,,,,,,,,,,,,,,,,,,,,,,,,,,,13.4075481,52.5217615,,,,,,,,,,,,,,,,,,,,,,,,,,,schlager,ハーフェンバー,,,,,,,,,,,,,,,,,,,,,,,,,
node/1162812586,nightclub,,Weekend Club,,,limited,,,,,no,,,Berlin,DE,7,10178,Alexanderstraße,Mitte,,,+49 30 24631676,,http://www.week-end-berlin.de/,"Fr,Tu 22:00-06:00, Sa 19:00-06:00",,,,,,2025-06-30,,,,,,,,,,,,,,,,,,,,,,,,,,,,,,,,,,,,,,,,,,,,,,,,,,,13.4164231,52.5229029,2025-06-30,,,,,,,,,,,,,,,,,,,,,,,,,,,ウィークエンド・クラブ,,,,,,,,,,,,,,,,,,,,,,,,,
node/1165008486,nightclub,,Soda Club,,https://www.soda-berlin.de/,limited,,,,,,,,Berlin,DE,97,10435,Knaackstraße,Prenzlauer Berg,,,,,,"Th,So 19:00-02:00; Fr-Sa 22:00-06:00",,,,,,2023-11-10,,,,,,,,,,,,,,,,,,,,,,,,,,,,,,,,1,yes,yes,yes,,,,,,,,,,,,,,,,13.4142448,52.5395232,,,,,,,,,,,,,,,,,,,,,,,,,no,,,,yes,,,,,,,,,,,,,,,,,,,,,,,,
node/1228317932,nightclub,,Tabu,,,limited,,,,,,,,Berlin,DE,90,10627,Bismarckstraße,Charlottenburg,,,+49 172 3858879,,https://www.tabuclub.de/,,,,,,,2024-03-03,,,,,,,,,,,,,,,,,,,,,,,,,,,,,,,,0,,,,,,,,,,,,,,,,,,,13.3084909,52.5114893,,,,,,,,,,,,,,,,,,,,,,,,,,,,,,,,,,,,,,,,,,,,,,,,,,,,,
node/1310466406,nightclub,,BRICKS Club,,https://bricks-berlin.club,yes,,,,,no,,,Berlin,,30,10117,Anton-Wilhelm-Amo-Straße,,,,,,,,,,,,,,,,,,,BRICKS Gastronomie GmbH,,,,,,,,,,,,,,,,,,,,,,,,,,,,,,,,,,,,,,,,,,,,,13.3932376,52.5121321,,,,,,,,,,,,,,,,,,,,,,,,,,,,,,,,,,,,,,,,,,,,,,,,,,,,,
node/1361259244,nightclub,,Die Busche,+49 30 2960800,,limited,,mail@diebusche.de,,,,yes,,Berlin,DE,18,10245,Warschauer Platz,Friedrichshain,https://www.facebook.com/diebuscheberlin,https://www.instagram.com/discothek_die_busche/,+49 30 2960800,,http://www.diebusche.de,"We 23:00-05:00,Fr 22:00-07:00,Sa 22:00-07:00",,,,,,2023-11-03,,,,,,,,,,,,,,,,,,,,,,,,,,,,,,,,,,,,,,,,,,,,,,,,,,,13.448261,52.503615,,,,,,,,,,,,,,,,,,,,,,,primary,,,,,,,,,,,,,,,,,,,,,,,,,,,,,,
node/1370001597,nightclub,,Prince Charles,,,yes,,,,,yes,,,Berlin,,85f,10969,Prinzenstraße,,,,,,https://www.princecharlesberlin.com/,,,,,,,,,https://groove.de/wp-content/uploads/2019/05/prince-charles-final.jpg,,,,,,info@princecharlesberlin.com,,,,,,,,,,,,,,,,,,,,,,,,,,,,,,,,,,,,,,,,,,,13.4087274,52.5032996,,,,,,,,,,,,,,,,,,,,,,,,,,,,,,,,,,,,,,,,,,,,,,,,,,,,,
node/1402543376,nightclub,,Puro Sky Lounge Berlin,,,,,,,,,,,Berlin,DE,9-12,10789,Tauentzienstraße,Charlottenburg,,,,,http://www.puroberlin.de/,,,,,,,,,,,,,,,,,,,,,,,,,,,,Europa-Center,,,,,,,,,,,20,,,,,,,,,,,,,,,,,,,13.3379413,52.5040556,,,,,,,,,,,,,,,,,,,,,,,,,,,,,,,,,,,,,,,,,,,,,,,,,,,,,
node/1450635676,nightclub,,Roter Salon,,,no,,,,,,,,Berlin,DE,1,10178,Rosa-Luxemburg-Platz,Mitte,,,,,,Mo-Sa 11:00-18:00,,,,,,2024-06-10,,,,,,Volksbühne am Rosa-Luxemburg-Platz,,,,,,,,,,,,,,,,,,,,,,,,,,,,,,,,,,,,,,,,,,,,,13.4116224,52.5271131,,,,,,,,,,,,,,,,,,,,,,,,,,,,,,,,,,,,,,,,,,,,,,,,,,,,,
node/1667559178,nightclub,,Bi Nuu,,http://www.bi-nuu.de/,yes,,,,,,yes,,,,,,,,,,,,,,,,,,,,,,,,,,,,,,music_venue,,,,,,,,,,,,,,,,,,,,,,,,,,,,,,,,,,,,,,,,13.4414613,52.5007558,,,,,,,,,,,,,,,,,,,,,,,,,,,,,,,,,,,,,,,,,,,,,,,,,,,,,
node/1820069776,nightclub,,b-flat,,,no,,,,,no,,,Berlin,DE,40,10178,Dircksenstraße,Mitte,,,+49 30 2833123,,http://b-flat-berlin.de/,Mo-Su 20:00-01:00,,,,,,,,,,,,,,mail@b-flat-berlin.de,,,,yes,,,,,,,,,,,,,,,,,,,,-1,yes,no,no,,,,,,,,,,,,,,,,13.4069893,52.5235538,,,,,,,,no,,,,,,,,,,,,,,,,,,,,,,,,,,,,,,,,,,,,,,,,,,,,,
node/1882869375,nightclub,,Connection,,,limited,,,,,,,,Berlin,DE,33,10777,Fuggerstraße,Schöneberg,,,+49 30 2181432,,http://www.connection-berlin.de,"Mo-Th 10:00-01:00, Fr-Sa 10:00-05:00, Su 14:00-01:00",,,,,,,,,,,,"Michael Sonntag, Michael Klatt",,info@connection-berlin.de,+49 30 2177686,,,,,,,,,,,,,,,,,,,,,,,,,,,,,,,,,,,,,,,,,,13.3424928,52.4990172,,,,,,,,,,,,,,,,,,,,,,,primary,,,,,,,yes,yes,only,,,,,,,,,,,,,,,,,,,,,
node/1897123562,nightclub,,FluxBau,+4917643562611,https://www.fluxfm.de/fluxbau/,no,,fluxbau@fluxfm.de,,,,no,,,,5,,Pfuelstraße,,fluxbau,FluxBau,,,,,,,,,,,,,,,,,,,,,,,,,,,,,,,,,,,,,,,,,,,,,,,,,,,,,,,,,,,,,13.4411582,52.5029678,,,,,,,,,,,,,,,,,,,,,,,,,,,,,,,,,,,,,,,,,,,,,,,,,,,,,
node/1934211315,nightclub,,Vagabund Club,,https://www.vagabund-berlin.com/,limited,,,no,,,,,Berlin,DE,77,10623,Knesebeckstraße,Charlottenburg,,,,,,00:00+,,,,,,,,,,,,,,,,,,,,,,,,,,,,,,,,,,,,,,,,,,,,,,,,,,,,,,,,,13.3224146,52.504062,,,,,,,,,,,,,,,,,,,,,,,,,,,,,,,,,,,,,,,,,,,,,,,,,,,,,
node/1941952571,nightclub,,Bulbul Berlin,,https://www.bulbulberlin.de/,,,,,,,,,Berlin,DE,114,10999,Skalitzer Straße,Kreuzberg,https://www.facebook.com/BulbulBerlin/,,+49 30 53091711,,,,,,,,,,,,,,,,,mail@bulbulberlin.de,,,,,,,,,,,,,,,,,,,,,,,,,,,,,,,,,,,,,,,,,,,13.4242521,52.4993312,,,,,,,,,,,,,,,,,,,,,,,,,,,,,,,,,,,,,,,,,,,,,,,,,,,,,
node/1954332576,nightclub,,Slaughterhouse,,https://www.slaughterhouse-berlin.de/,limited,,info@slaughterhouse-berlin.de,,,,yes,,Berlin,DE,35,10557,Lehrter Straße,Moabit,,,+49 30 3975056,,,,,,,,,,,,,,,,,,,,,,,,,,,,,,,,,,,,,,,,,,,,,,,,,,,,,,,,,,,,13.3597082,52.5344022,,,,,,,,,,,,,,,,,,,,,,,,,,,,,,,,,,,,,,,,,,,,,,,,,,,,,
node/2126202628,nightclub,,Orchidea,,,no,,,no,,,,eine Rollstuhlrampe wird auf Anfrage ausgelegt,Berlin,DE,74,13347,Reinickendorfer Straße,Wedding,,,+49 157 79 13 79 14,,,,,,,,,,2023-11-17,,,,,,,,,,,,,,,,,,,,,,,,,,,,,,,,,,,,,,,,,,,,,,,,,,13.3672515,52.551145,,,,,,,,,,,,,,,,,,,,,,,,,,,,,,,,,,,,,,,,,,,,,,,,,,,,,
node/2147941967,nightclub,,Privatclub,+49 30 35522598,,yes,,info@privatclub-berlin.de,no,,,yes,"Es gibt zwar eine rollstuhlgerechte Toilette, aber auch Treppen am Eingang. Man kann wohl hinten rum über einen Lastenaufzug...",Berlin,DE,85-86,10997,Skalitzer Straße,Kreuzberg,https://www.facebook.com/privatclub,https://www.instagram.com/privatclub_berlin/,,,http://www.privatclub-berlin.de,,,,,,,,,,,,,Milchmädchen Musikkultur GmbH,,,,,music_venue,,,,Q105762300,,,,,,,,,,,,,,,,,,,,,,,,,,,,,,,,,,,,13.4348491,52.5000715,,,,,,,,,,,,,,,,,,,,,,,,,,,,,,,,,Mo-Fr 11:00-16:00,,,,,,,,,,,,,,,,,,,,
node/2147953685,nightclub,,Metrom Lounge,,,,,,,,,,,,,,,,,,,,,,,,,,,,,,,,,,,,,,,,,,,,,,,,,,,,,,,,,,,,,,,,,,,,,,,,,,,,,,,13.4474984,52.5029659,,,,,,,,,,,,,,,,,,,,,,,,,,,,,,,,,,,,,,,,,,,,,,,,,,,,,
node/2188253833,nightclub,,The Door,,https://thedoor.club/,limited,,,,,,,,Berlin,,25,10719,Joachimsthaler Straße,,,,,,,,,,,,,,,,,,,,,,,,,,,,,,,,,,,,,,,,,,,,,,,,,,,,,,,,,,,,,,,,13.3311044,52.5008789,,,,,,,,,,,,,,,,,,,,,,,,,,,,,,,,,,nightclub,,,,,,,,,,,,,,,,,,,
node/2347398754,nightclub,,Maxxim Club,+49 30 41766240,https://www.maxxim-berlin.de/,no,,kontakt@maxxim-berlin.de,,,,,,Berlin,DE,15,10719,Joachimsthaler Straße,Charlottenburg,,,,,,22:30+; Tu 19:00+,,,,,,,,,,,,,,,,,,,,,,,,,,,,,,,,,,,,,,,,,,,,,,,,,,,,,,,,,13.3308361,52.5019061,,,,,,,,,,,,,,,,,,,,,,,,,,,,,,,,,,,0176 32289595,,,,,,,,,,,,,,,,,,
node/2381034158,nightclub,,Reset,,,no,,,,,,no,,,,,,,,,,,,,"""abhängig von Veranstaltungen""",,,,,,2025-05-03,,,,,,,,,,,,,,,,,,,,,,,,,,,,,,,,,,,,,,,,,,,,,,,,,,,13.4351165,52.4961326,,,,,,,,,,,,,,,,,,,,,,,,,,,,,,,,,,,,,,,,,,,,,,,,,,,,,
node/2435092394,nightclub,,Hole⁴⁴,,https://hole-berlin.de/,yes,,,,,,,,Berlin,DE,146,12051,Hermannstraße,Neukölln,,holeberlin,,,,"""zu Veranstaltungen""",,,Hole Berlin,,,,,,,,,,,,,,,yes,,,Q130601665,,,,,,,,,,,,,,,,,0,,,,,,,,,,,,,,,,,,,13.4333842,52.4643506,,,,,,,,,,,,,,,,,,,,,,,,,,,,,,,,,,,,Hole 44,,,,,,,,,,,,,,,,,
node/2665268971,nightclub,,Auster-Club,,,no,,,,,isolated,,,,,,,,,https://www.facebook.com/auster.berlin/,,,,,Mo-Su 12:00-18:00+,,,,,,,,,,,,,,,,,,,,,,,,,,,,,,,,,,,,,,,,,,,,,,,,,,,,,,,,,13.4311437,52.502437,,,,,,,,,,,,,,,,,,,,,,,,,,,,,,,,,,,,,,,,,,,,,,,,,,,,,
node/2876098523,nightclub,,Ohm,,http://www.ohmberlin.com/,,,,,,no,,,Berlin,DE,70,10179,Köpenicker Straße,Mitte,https://www.facebook.com/shiftberlin,https://www.instagram.com/ohmberlin/,,,,,,,,,,,,,,,,,,,,,,,,,,,,,,,,,,,,,,,,,,,,,,,,,,,,,,,,,,,,,13.4197888,52.5105954,,,,,,,,,,,,,,,,,,,,,,,,,,,,,,,,,,,,,,,,,,,,,,,,,,,,,
node/2968181705,nightclub,,Nachtclub,,,,,,,,,,,Berlin,DE,25,10243,Holzmarktstraße,Friedrichshain,,,,,,,,,,,,,,,,,,,,,,,,,,,,,,,,,,,,,,,,,,,,,,,,,,,,,,,,,,,,,,,13.4247322,52.5126865,,,,,,,,,,,,,,,main,,,,,,,,,,,,,,,,,,,,,,,,,,,,,,,,,,,,,,
node/3121055734,nightclub,,Flow Bar,,,no,,,,,no,no,,Berlin,DE,32,10117,Tucholskystraße,Mitte,,,,,,"Su,Mo,Tu off, We,Th 21:00-05:00, Fr,Sa 21:00-06:00",,,,,,,,,,,,,,,,,,,,,,,,,,,,,,,,,,,,,,,,,,,,,,,,,,,,,,,,,13.393681,52.5261173,,,,,,,,,,,,,,,,,,,,,,,,,,,,,,,,,,,,,,,,,,,,,,,,,,,,,
node/3298592393,nightclub,,Konzulát,,,,,,no,,no,,,,,,,,,,,,,,,,,,,,,,,,,,,,,,,,,,,,,,,,,,,,,,,,,,,,,,,,,,,,,,,,,,,,,,,13.3961493,52.5112236,,,,,,,,,,,,,,,,,,,,,,,,,,,,,,,,,,,,,,,,,,,,,,,,,,,,,
node/3469247893,nightclub,,Alte Kantine,,https://alte-kantine.eu,limited,,,,,isolated,yes,,Berlin,DE,97,10435,Knaackstraße,Prenzlauer Berg,,,+49 30 44341952,,,Mo 22:00-06:00; Th 22:00-05:00; Fr 19:00-06:00; Sa 20:00-06:30,,,,,,,,,,,,,,,,,,,,,,,,,,,,,,,,,,,,,,,,,,,,,,,,,,,,,,,,,13.4136676,52.5395329,,,,,,,,,,,,,,,,,,,,,,,,,,,,,,,,,,,,,458394502129423,,,,,,,,,,,,,,,,
node/3610779779,nightclub,,Void,,,,,,,,,,,Berlin,DE,5,10365,Wiesenweg,Lichtenberg,,,,,http://www.void-club.de/,,,,,,,,,,,,,,,,,,,,,,,,,,,,,,,,,,,,,,,,,,,,,,,,,,,,,,,,,,13.4758087,52.5075429,,,,,,,,,,,,,,,,,,,,,,,,,,,,,,,,,,,,,,,,,,,,,,,,,,,,,
node/3777579770,nightclub,,Top Disco Berlin,+49 30 720 15 430,http://topdisco-berlin.de/home/,yes,,,,,,yes,,,,,,,,,,,,,"Fr,Sa 22:00+",,,,,,2023-07-23,,,,,,,,,,,,,,,,,,,,,,,,,,,,,,,,,,,,,,,,,,,,,,,,,,,13.4833923,52.4260543,,,,,,,,,,,,,,,,,,,,,,,,,,,,,,,,,,,,,,,,,,,,,,,,,,,,,
node/3783242657,nightclub,,M-BIA,,,,,,,,no,,,Berlin,DE,123-124,10178,Dircksenstraße,Mitte,,,,,,We 23:00-07:00; Fr-Sa 23:00-09:00,,,,,,,,,,,,,,,,,,,,,,,,,,,,,,,,,,,,,,,,,,,,,,,,,,,,,,,,,13.4092273,52.5226319,,,,,,,,,,,,,,,,,,,,,,,,,,,,,,,,,,,,,,,,,,,,,,,,,,,,,
node/3783290025,nightclub,,ACUD,,,limited,,,,,,,,Berlin,DE,21,10119,Veteranenstraße,Mitte,,,,,,,,,,,,,,,,,,,,,,,,,,,,,,,,,,,,,,,,,,,,,,,,,,,,,,,,,,,,,,,13.4008094,52.5335177,,,,,,,,,,,,,,,,,,,,,,,,,,,,,,,,,,,,,,,,,,,,,,,,,,,,,
node/3783296627,nightclub,,Adagio,,,yes,,,,,,,,Berlin,,1,10785,Marlene-Dietrich-Platz,,,,,,,,,,,,,,,,,,,,,,,,,,,,,,,,,,,,,,,,,,,,,,,,,,,,,,,,,,,,,,,,13.3718571,52.5075016,,,,,,,,,,,,,,,,,,,,,,,,,,,,,,,,,,,,,,,,,,,,,,,,,,,,,
node/3783307323,nightclub,,American Western Saloon,,,limited,,,,,,yes,,Berlin,,142c,13439,Wilhelmsruher Damm,Märkisches Viertel,,,,,,,,,,,,,,,,,,,,,,,,,,,,,,,,,,,,,,,,,,,,,,,,,,,,,,,,,,,,,,,13.3526876,52.5975687,,,,,,,,,,,,,,,,,,,,,,,,,,,,,,,,,,,,,,,,,,,,,,,,,,,,,
node/3826455881,nightclub,,Pussy Cat,+49 30 2133586,http://www.pussycat-berlin.de,no,,,,,yes,,,Berlin,DE,7,10777,Kalckreuthstraße,Schöneberg,,,,,,Mo-Su 18:00-06:00,,,,,,,2024-02-19,,,,,,,,,,,,,,,,,,,,,,,,,,,,,,,,,,,,,,,,,,,,,,,,,,13.3479726,52.4987104,,,,,,,,,,,,,,,,,,,18,,,,,,,,,,,,,,,,,,,,,,,,,,,,,,,,,,
node/3830239588,nightclub,,Trompete,,https://trompete-berlin.de/,no,,,,,,,,Berlin,,9,10785,Lützowplatz,,,,,,,,,,,,,,,,,,,,,,,,,,,,,,,,,,,,,,,,,,,,,,,,,,,,,,,,,,,,,,,,13.3534385,52.5044307,,,,,,,,,,,,,,,,,,,,,,,,,,,,,,,,,,,,,,,,,,,,,,,,,,,,,
node/4034138645,nightclub,,SO36,,,yes,,,,,isolated,yes,Rampe am Eingang wird auf Nachfrage hingelegt;Drinnen: Rollstuh auf ein Podest heben zum Konzert schauen,Berlin,DE,190,10999,Oranienstraße,Kreuzberg,https://www.facebook.com/pages/_/171604075171,so36_club,+49 30 61401306,,https://www.so36.de,"""Je nach Programm""",,,,,,2024-09-01,,,,,,,,post@so36.de,,,,yes,,,Q561850,Category:SO36,,Solikon 2015;survey,,,SO36,,,,,,,,de:SO36,0,,0,yes,yes,yes,yes,yes,,,,,,,,,,,,,,13.4221612,52.5003909,,,,,,,,,,,,,,,,,concert collective;concert venue;events,,,,,,,,,,,,,,,,,,,,,yes,https://www.qype.com/place/3091,https://www.yelp.com/biz/so36-berlin,solidarity_economy,culture;spaces,,,,,,,,,,,
node/4118217590,nightclub,,Stella Berlin,+49 30 61740855,https://stella-berlin.de/,,,,,,,,,Berlin,,14,12347,Jahnstraße,,,,,,,Mo-Fr 09:00-21:00; Sa-Su 11:00-20:00,,,,,,,,,,,,,,,,,,,,,,,,,,,,,,,,,,,,,,,,,,,,,,,,,,,,,,,,,13.4442907,52.4613006,,,,,,,,,,,,,,,,,,,,,,,,,,,,,,,,,,,,,,,,,,,,,,,,,,,,,
node/4172803384,nightclub,,8MM,,https://www.8mmbar.de/,,,info@8mmbar.de,,,yes,,,Berlin,DE,177 B,10119,Schönhauser Allee,Prenzlauer Berg,,,,,,Mo-Su 19:00-04:00,,,,,,2025-09-28,2025-09-28,,,,,8MM Bar Veranstaltungs GmbH,,,,,,,,,,,,,,,,,,,,,,,,,yes,,,,,,,,,,,,,,,,,,,,13.4115684,52.5312243,,,,,,,,,,,,,,,,,,,,,https://www.facebook.com/8millimeterbar/,https://www.instagram.com/8mmbar/,,,,,,,,,,,,,,,,,,,,,,,,,,,,,,,
node/4217156190,nightclub,,Beate Uwe,,,yes,,,,,no,no,,Berlin,DE,31,10179,Schillingstraße,Mitte,https://www.facebook.com/beateuweberlin/events,https://www.instagram.com/beateuwe_official,,,https://beate-uwe.de,,,,,,,,,,2014-12,,,Javid und Ücel GbR,,info@beate-uwe.de,,,,,,,,,,,,,,,,https://ra.co/clubs/98993,,,,,,,,,,,,,,,,,,,,,,,,,,,13.419024,52.5174812,,,,,,,,,,,,,,,,,,,18,,,,,,,,,,,,,,,,,,,,,,,,,,,,,,,,,,
node/4236204189,nightclub,,MiSalsa,+493034540769,https://misalsa.de,no,,info@misalsa.de,,,,,,,,5,10585,,,,,,,,Fr-Sa 22:00-05:00,,,,,,,,,,,,Humberto Castillo,,,,,,,,,,,,,,,,Richard-Wagner-Platz,,,,,,,,,,,,,,,,,,,,,,,,,,,,,13.305791,52.5172277,,,,,,,,,,,,,,,,,,,,,,,,,,,,,,,,,,,,,,,,,,,,,,,,,,,,,
node/4283150545,nightclub,,Cake Club,,,,,,,,,,,Berlin,,27,10999,Mariannenstraße,,,,,,,,,,,,,,,,,,,,,,,,,,,,,,,,,,,,,,,,,,,,,,,,,,,,,,,,,,,,,,,,13.4204665,52.4966876,,,,,,,,,,,,,,,,,,,,,,,,,,,,,,,,,,,,,,,,,,,,,,,,,,,,,
node/4458466133,nightclub,,KISS Lounge,,,,,,,,,,,Berlin,,12,13051,Prerower Platz,,,,,,,,,,,,,,,,,,,,,,,,,,,,,,,,,,,,,,,,,,,,,,,,,,,,,,,,,,,,,,,,13.5048839,52.564751,,,,,,,,,,,,,,,,,,,,,,,,,,,,,,,,,,,,,,,,,,,,,,,,,,,,,
node/4574958092,nightclub,,Vitrin,,,yes,,,,,,,,,,,,,,,,,,,,,,,,,,,,,,,,,,,,,,,,,,,,,,,,,,,,,,,,,,,,,,,,,,,,,,,,,,,,13.327462,52.5046309,,,,,,,,,,,,,,,,,,,,,,,,,,,,,,,,,,,,,,,,,,,,,,,,,,,,,
node/4784529624,nightclub,,Geheimclub (Annika von Trier),,https://annika-von-trier.com/geheimclub/,,,,,,no,,,,,144,10115,Linienstraße,,,,,,,,,,,,,,,,,,,,,,,,,,,,,,,,,,,,,,,,,,,,,,,,,,,,,,,,,,,,,,,,13.3908678,52.5267961,,,,,,,,,,,,,,,,,,,,,,,,,,,,,,,,,,,,,,,,,,,,,,,,,,,,,
node/4815124323,nightclub,,Else,,,no,,,,,,,,Berlin,DE,10,12435,An den Treptowers,Alt-Treptow,,,,,http://else.tv/,Tu-Sa 16:00+,,,,,,2023-05-23,,,,,,,,,,,,,,,,,,,,,,,,,,,,,,,,,,,,,,,,,,,,,,,,,,,13.4625984,52.4951405,,,,,,,,,,,,,,,,,,,,,,,,,,,,,,,,,,,,,,,,,,,,,,,,,,,,,
node/4870128450,nightclub,,Tresor Berlin,,,yes,,,,,no,yes,,Berlin,DE,70,10179,Köpenicker Straße,Mitte,http://www.facebook.com/tresorberlin,https://www.instagram.com/tresorberlin,+49 30 6953770,,https://tresorberlin.com,,,,,,,,,,2007,,,Tresor Berlin GmbH,,,,,,yes,,,Q678186,,,,,,,,,https://ra.co/clubs/5494,,,,,de:Tresor (Club),,,,,,,,,,,,,,,,,,,,,,13.419484,52.5106807,,,,,,,,,,,,,,,,,,,,,,,,,,,,,,,,,,,,,,,,,,,,,,,,,,,,,
node/4894544353,nightclub,,BlackWhite Danceclub,,,no,,,,,,,,Berlin,DE,261,12351,Johannisthaler Chaussee,Buckow,,,,,http://blackwhite-danceclub.de/,"Fr 22:00+, Sa 21:00+",,,,,,,,,,,,,,,,,,,,,,,,,,,,,,,,,,,,,,,,,,,,,,,,,,,,,,,,,13.4615989,52.4322129,,,,,,,,,,,,,,,,,,,,,https://www.facebook.com/people/BLACK-WHITE-DANCE-CLUB/100049051157624/,,,,,,,,,,,,,,,,,,,,,,"Website ist down, die Betreibergesellschaft insolvent, existiert der Club noch?",,,,,,,,,,
node/5155961321,nightclub,,Der Weiße Hase,+49 174 1976833,,,,,,,,,,,,,10245,,,DerWeisseHaseBerlin,,,,,,,,,,,,,,,,,,,,,,,,,,,,,,,,,,,,,,,,,,,,,,,,,,,,,,,,,,,,,,13.4545322,52.5075831,,,,,,The White Rabbit,,,,,,,,,,,,,,,,,,,,,,,,,,,,,,,,,,,,,,Conejo Blanco,,,,,,,,,
node/5244438075,nightclub,,Internet Explorer,,,,,,,,,,,Berlin,,11,12057,Ziegrastraße,,,,,,,,,,,,,,,,,,,,,,,,,,,,,,,,,,,,,,,,,,,,,,,,,,,,,,,,,,,,,,,,13.4598687,52.4764177,,,,,,,,,,,,,,,,,,,,,,,,,,,,,,,,,,,,,,,,,,,,,,,,,,,,,
node/5247942730,nightclub,,Kater Blau,,,,,,,,,,,,,,,,,,,,,,,,,,,,,,,,,,,,,,,,,,,,,,,,,,,,,,,,,,,,,,,,,,,,,,,,,,,,,,,13.4260899,52.5119933,,,,,,,,,,,,,,,main,,,,,,,,,,,,,,,,,,,,,,,,,,,,,,,,,,,,,,
node/5838965221,nightclub,,Loophole,,,no,,,,,,,,Berlin,DE,60,12053,Boddinstraße,Neukölln,,loophole_brln,,,https://loophole.berlin/,,,,,,,,,,,,,,,,,,,,,,,,,,,,,,,,,,,,,,,,,,,,,,,,,,,,,,,,,,13.4330336,52.4806929,,,,,,,,,,,,,,,,,,,,,,,,,,,,,,,,,,,,,,,,,,,,,,,,,,,,,
node/5873234785,nightclub,,Tabula Rasa,,,,,,,,outside,,,Berlin,DE,99,10245,Revaler Straße,Friedrichshain,,,,,,,,,,,,,,,,,,,,,,,,,,,,,,,,,,,,,,,,,,,,,only,,,,,,,,,,,,,,,,,,13.4556606,52.5074123,,Khwan,,,,,,yes,,,,,,,,,,,,,,,,,,,,,,,,,,,,,,,,,,,,,no,no,,,,,,,
node/5906879511,nightclub,,://about blank,,,no,,,,,yes,yes,,Berlin,DE,24c,10245,Markgrafendamm,Friedrichshain,https://www.facebook.com/about.party/events,https://www.instagram.com/about.blank.berlin,+49 30 69536290,,https://aboutblank.li,"""je nach Veranstaltung""",,,,,,2024-09-08,,,2010,,,about blank eG,,info@aboutblank.li;lost@aboutblank.li,,,,,,,Q23906461,,,,,,,,,https://ra.co/clubs/28354,,,,,de:About Blank,,,,yes,no,no,,,,,,,,,,,,,,,,13.466302,52.5024767,,,,,,,,,,,,,,,,,ATM inside,,,,,,,,no,,,,,,,,,,,,,,,,,,,,,,no,,,,,,
node/6032392904,nightclub,,KTV Bar,,,,,,,,,,,,,,,,,,,,,,,,,,,,,,,,,,,,,,,,,,,,,,,,,,,,,,,,,,,,,,,,,,,,,,,,,,,,,,,13.3099366,52.5063423,,,,,,,,,,,,,,,,,,,,,,,,,,,,,,,,,,,,,,,,,,,,,,,,yes,,,,,
node/6192377288,nightclub,,Ava Club,,,,,,,,,,,Berlin,DE,18,10245,Warschauer Platz,Friedrichshain,https://www.facebook.com/ElektroAva/,,,,http://www.club-ava-berlin.de/,,,,,,,2025-09-13,,,,,,,,info@club-ava-berlin.de,,,,,,,,,,,,,,,,,,,,,,,,,,,,,,,,,,,,,,,,,,,13.4473091,52.5029373,,,,,,,,,,,,,,,,,,,,,,,,,,,,,,,,,,,,,,,,,,,,,,,,,,,,,
node/6252070333,nightclub,,al2 eventlocation berlin,+49 30 88917960,https://al2-eventlocation.de,,,,,,,,,Berlin,,83,10719,Pfalzburger Straße,,,,,,,"""nach Vereinbarung""",,,,,,2024-07-27,,,,,,Alexander Schulzendorff,,,,,,,,,,,,,,,,,,,,,,,,,,,,,,,,,,,,,,,,,,,,,13.3230448,52.4989003,,,,,,,,,,,,,,,,,,,,,,,,,,,,,,,,,,,,,,,,,,,,,,,,,,,,,
node/6341225967,nightclub,,Berghain,,,yes,,,,,yes,yes,"keine Stufen, alles mit Rampen und Fahrstühlen zu erreichen, lediglich die Rampen im Garten lassen sich nur mit guter Armfunktion bewältigen, WCs sind mit Haltegriffen ausgestattet, aber nicht vollständig behindertengerecht",Berlin,DE,,10243,Am Wriezener Bahnhof,Friedrichshain,https://www.facebook.com/BerghainPanoramaBarOfficial,https://www.instagram.com/berghain_panoramabar,+49 30 29351830,,https://www.berghain.de,,,,Berghain Panorama Bar,,,,,,,,,Berghain OstGut GmbH,,,,,,yes,,,Q136975,,,,,,,,,https://ra.co/clubs/5031,,,,,de:Berghain,,,,,,,,,,,yes,,,,,,,,,,,13.4430356,52.5111669,,,,,,,,,,,,,,,,,,,,,,,,,,,,,,,,,,,,,,,,,,,,,,,,,,,,,
node/6381619922,nightclub,,Musikbrauerei,,,,,,,,,,,Berlin,,23A,10405,Greifswalder Straße,,https://www.facebook.com/Musikbrauerei,,,,,Mo-Su 10:00-20:15,,,,,,2024-06-16,,,,,,,,,,,,,,,,,,,,,,,,,,,,,,,,,,,,,,,,,,,,,,,,,,,13.4286665,52.5306542,,,,,,,,,,,,,,,,,,,,,,,,,,,,,,,,,,,,,,,,,,,,,,,,,,,,,
node/6381637814,nightclub,,Trauma Bar und Kino,,https://www.traumabarundkino.de/,,,,,,no,,,Berlin,,50,10557,Heidestraße,,,,,,,,,,,,,,,,,,,,,,,,,,,,,,,,,,,,,,,,,,,,,,,,,,,,,,,,,,,,,,,,13.3667562,52.5306327,,,,,,,,,,,,,,,,,,,,,,,,,,,,,,,,,,,,,,,,,,,,,,,,,,,,,
node/6441603779,nightclub,,New West Club,,,limited,,,no,,,,,Berlin,DE,134,10625,Kantstraße,Charlottenburg,,,,,http://www.newwestclub.de/,,,,,,,,,,,,,,,,,,,,,,,,,,,,,,,,,,,,,,,,,,,,,,,,,,,,,,,,,,13.3153141,52.5060456,,,,,,,,,,,,,,,,,,,,,,,,,,,,,,,,,,,,,,,,,,,,,,,,,,,,,
node/6482231157,nightclub,,Cosmic Kaspar,,,,,,,,no,,,Berlin,DE,197-198,10119,Brunnenstraße,Mitte,,,+49 30 27590873,,https://www.cosmic-kaspar.de/,,,,,,,2025-07-02,,,,,,Mein Haus am See GmbH,,,,,,,,,,,,,,,,,,,,,,,,,,,,,,,,,,,,,,,,,,,,,13.4006925,52.5299774,2025-07-02,,,,,,,,,,,,,,,,rentable,,,,,,,,,,,,,,,,,,,,,,,,,,,,,,,,,,,,
node/6573680438,nightclub,,Ballhaus Spandau,,,,,,no,,,,,Berlin,DE,5,13597,Dorfstraße,Spandau,,,,,https://ballhaus-spandau.club/,,,,,,,,,,,,,,,,,,,,,,Q805252,Category:Ballhaus Spandau,,,,,,,,,,,,,de:Ballhaus Spandau,,,,,,,,,,,,,,,,,,,,,,13.2107129,52.5227525,,,,,,,,,,,,,,,,,,,,,,,,,,,,,,,,,,,,,,,,,,,,,,,,,,,,,
node/7230925407,nightclub,,Mokka Mitte Bar,+493084710709,https://www.mokkamitte.de/,,,,,,no,,,,,,,,,,,,,,Mo-Th 16:00-23:00; Fr 14:00-23:30; Sa 13:00-23:30; Su 12:30-22:00,,,,,,,,,,,,,,,,,,,,,,,,,,,,,,,,,,,,,,,,,,,,,,,,,,,,,,,,,13.398307,52.5222381,,,,,,,,,,,,,,,,,,,,,,,,,,,,,,,,,,,,,,,,,,,,,,,,,,,,,
node/8069721818,nightclub,,OST,+49 30 29369990,https://clubost.de/,,,,,,,,,Berlin,DE,1-2,10245,Alt-Stralau,Friedrichshain,https://www.facebook.com/club.ost/,https://www.instagram.com/club.ost/,,,,,,,Club OST,,,,,,,,,,,,,,,,,,,,,,,,,,,,,,,,,,,,,,,,,,,,,,,,,,,,,,13.4650321,52.4970681,,,,,,,,,,,,,,,,,,,,,,,,,,,,,,,,,,,,,,,,,,,,,,,,,,,,,
node/9216819283,nightclub,,Revier Südost,,,,,,,,,,,Berlin,DE,137,12439,Schnellerstraße,Niederschöneweide,,,,,https://reviersuedost.de/,,,,,,,,,,,,,,,,,,,,,,,,,,,,,,,,,,,,,,,,,,,,,,,,,,,,,,,,,,13.5052662,52.4599968,,,,,,,,,,,,,,,,,,,,,,,,,,,,,,,,,,,,,,,,,,,,,,,,,,,,,
node/9271890630,nightclub,,Entenkeller 2.0,+49 162 3692008,,,,,no,,,,,,,,,,,,,,,,,,,,,,,2023-04-02,,,,,,,,,,,,,,,,,,,,,,,,,,,,,,,,,,,,,,,,,,,,,,,,,,13.2809654,52.5893599,,,,,,,,,,,,,,,,,,,,,,,,,,,,,,,,,,,,,,,,,,,,,,,,,,,,,
node/9272743117,nightclub,,Melancholie 2,,,,,,,,no,,,,,1,10179,Brückenstraße,,,,,,,Su 16:00-04:00; Fr-Sa 23:00-10:00,,,,,,2025-06-30,,,,,,,,,,,,,,,,,,,,,,,,,,,,,,,,,,,,,,,,,,,,,,,,,,,13.416812,52.5111747,2025-06-30,,,,,,,,,,,,,,,,,,,,,,,,,,,,,,,,,,,,,,,,,,,,,,,,,,,,
node/9662447417,nightclub,,Velvet Monkey,,,,,,,,,,,,,53B,10365,Herzbergstraße,,,,,,,,,,,,,,,,,,,,,,,,,,,,,,,,,,,,,,,,,,,,,,,,,,,,,,,,,,,,,,,,13.4976566,52.5248136,,,,,,,,,,,,,,,,,,,,,,,,,,,,,,,,,,,,,,,,,,,,,,,,,,,,,
node/9683590917,nightclub,,Heideglühen,,,limited,,,,,,,,Berlin,DE,1,13353,Seestraße,Charlottenburg-Nord,,,,,,Sa 00:00-24:00; Su 00:00-06:00,,,,,,,,,,,,,,,,,,,,,,,,,,,,,,,,,,,,,,,,,,,,,,,,,,,,,,,,,13.3279584,52.5381993,,,,,,,,,,,,,,,,,,,,,,,,,,,,,,,,,,,,,,,,,,,,,,,,,,,,,
node/9806828894,nightclub,,Pirates Club,,,limited,,,,,,,,Berlin,DE,78-80,10243,Mühlenstraße,Friedrichshain,,,+49 30 97002414,,https://piratesberlin.com/club/,,,,,,,,,,,,,Spreewies'n GmbH & Co. Beach Betriebsgesellschaft KG,,info@piratesberlin.com,,,,,,,,,,,,,,,,,,,,,,,,,,,,,,,,,,,,,,,,,,,13.4453492,52.5027268,,,,,,,,,,,,,,,,,,,,,,,,,,,,,,,,,,,,,,,,,,,,,,,,,,,,,
node/9830787917,nightclub,,MONOM,,https://www.monomsound.com/,,,,,,outside,,,,,,,,,,,,,,,,,,,,2024-11-02,,,,,,,,,,,,,,,,,,,,,,,,,,,,,,,,,,,,,,,,,,,,,,,,,,,13.4997366,52.4792421,,,,,,,,,,,,,,,,,,,,,,,,,,,,,,,,,,,,,,,,,,,,,,,,,,,,,
node/9895178218,nightclub,,spindler & klatt,,,,,,,,,,,Berlin,DE,16,10997,Köpenicker Straße,Kreuzberg,https://www.facebook.com/spindlerklattberlin,https://www.instagram.com/spindlerklatt/,,,https://spindlerklatt.com/,,,,,,,,,,,,,,,,,,,,,,Q116142643,,,,,,,,,,,,,,,,,,,,,,,,,,,,,,,,,,,,13.4346441,52.5058678,,,,,,,,,,,,,,,,,,,,,,,,,,,,,,,,,,,,,,,,,,,,,,,,,,,,,
node/10621062970,nightclub,,Fitzroy,,https://fitzroy-berlin.de,,,club@fitzroy-berlin.de,,,,,,Berlin,,15—18,10179,Holzmarktstraße,,Fitzroy.Berlin,fitzroyclub,,,,,,,,,,,,https://i.imgur.com/zRbEgb0.jpeg,,,,,,,,,,,,,,,,,,,,,,,,,,,,,,,,,,,,,,,,,,,,,,,,,13.4228651,52.5130757,,,,,,,,,,,,,,,,,2nd address: S-Bahn Bogen 46,,,,,,,,,,,,,,,,,,,,371476558518986,,,,,,,,,,,,,,,,
node/10672763641,nightclub,,The Hub,,,,,,,,,,,,,,,,,,,,,,,,,,,,,,,,,,,,,,,,,,,,,,,,,,,,,,,,,,,,,,,,,,,,,,,,,,,,,,,13.2965109,52.4752767,,,,,,,,,,,,,,,,,,,,,,,,,,,,,,,,,,,,,,,,,,,,,,,,,,,,,
node/11066768896,nightclub,,Falscher Fisch,,,,,,,,,,,Berlin,DE,1,12057,Ziegrastraße,,,,,,https://falscherfisch.net/,,,,,,,,,,,,,,,info@s27.de,,,,,,,,,,,,,,,,,,,,,,,,,,,,,,,,,,,,,,,,,,,13.4594974,52.4775471,,,,,,,,,,,,,,,,,,,,,,,,,,,,,,,,,,,,,,,,,,,,,,,,,restaurant,Marin,,,
node/11435535669,nightclub,,,,,,,,,,,,,,,,,,,,,,,,,,,,,,,,,,,,,,,,,,,,,,,,,,,,,,,,,,,,,,,,,,,,,,,,,,,,,,,,,13.3540571,52.5509569,,,,,,Menagerie,,,,,,,,,,,,,,,,,,,,,,,,,,,,,,,,,,,,,,,,,,,,,,,
node/11472992147,nightclub,,Nachspiel - Afterhour @KitKat Club Berlin,,,,,,,,no,,,,,,,,,,,,,,,,,,,,,,,,,,,,,,,,,,,,,,,,,,,,,,,,,,,,,,,,,,,,,,,,,,,,,,,13.4173531,52.5115871,,,,,,,,,,,,,,,,,,,,,,,,,,,,,,,,,,,,,,,,,,,,,,,,,,,,,
node/12137704154,nightclub,,Kreuzwerk,,https://kreuzwerk.berlin/,,,,,,no,,,Berlin,,30-35,10969,Lobeckstraße,,,,,,,,,,,,,,,,,,,,,,,,,,,,,,,,,,,,,,,,,,,,,,,,,,,,,,,,,,,,,,,,13.407825,52.5030057,,,,,,,,,,,,,,,,,,,,,,,,,,,,,,,,,,,,,,,,,,,,,,,,,,,,,
node/12290743501,nightclub,,Sin City Tabledance,,,,,,,,,,,,,,,,,,,,,,,,,,,,,,,,,,,,,,,,,,,,,,,,,,,,,,,,,,,,,,,,,,,,,,,,,,,,,,,13.3045469,52.5057271,,,,,,,,,,,,,,,,,,,,,,,,,,,,,,,,,,,,,,,,,,,,,,,,,,,,,
node/12301286133,nightclub,,Frivole Bar moechtegern,0152 58 521 471,https://moechtegern.com/,,,,,,,,,,,87,,Leibnitzstraße,,,,,,,Mo-Su 20:00-04:00,,,,,,,,,,,,Ingo Kaatz,,info@moechtegern.com,,,,,,,,,,,,,,,,,,,,,,,,,,,,,,,,,,,,,,,,,,,13.3142158,52.5099265,,,,,,,,,,,,,,,,,,,,,,,,,,,,,,,,,,,,,,,,,,,,,,,,,,,no @ (female;couple),yes,yes
node/12372968542,nightclub,,808,,,,,,,,,,,,,,,,,,,,,,,,,,,,,,,,,,,,,,,,,,,,,,,,,,,,,,,,,,,,,,,,,,,,,,,,,,,,,,,13.3380226,52.5055769,,,,,,,,,,,,,,,,,,,,,,,,,,,,,,,,,,,,,,,,,,,,,,,,,,,,,
node/12942103605,nightclub,,Arena Club,,,,,,,,,,,,,,,,,,,,,,,,,,,,2025-06-21,,,,,,,,,,,,,,,,,,,,,,,,,,,,,,,,,,,,,,,,,,,,,,,,,,,13.4529279,52.4971313,,,,,,,,,,,,,,,,,,,,,,,,,,,,,,,,,,,,,,,,,,,,,,,,,,,,,
node/13235448541,nightclub,,Brickhouse Berlin,,,,,,,,,,,,,,,,,,,,,https://brickhouse-berlin.com/,,,,,,,,,,,,,,,,,,,yes,,,,,,,,,,,,,,,,,,,,,,,,,,,,,,,,,,,,,,,13.443135,52.5502159,,,,,,,,,,,,,,,,,,,,,,,,,,,,,,,,,,,,,,,,,,,,,,,,,,,,,
